OSS_ID,NE,DATE,TABLE,REMARK
eniq_oss_5,MGBA201,2020-03-19 09:30:00,DC_E_MGW_MGWAPPLICATION_DELTA,OK
eniq_oss_5,MGBA201,2020-03-19 09:30:00,DC_E_MGW_MGWAPPLICATION_RAW,OK
eniq_oss_5,MGBA201,2020-03-19 09:30:00,DC_E_MGW_MSDEVICEPOOL_DELTA,OK
eniq_oss_5,MGBA201,2020-03-19 09:30:00,DC_E_MGW_MSDEVICEPOOL_RAW,OK
eniq_oss_5,MGBA201,2020-03-19 09:30:00,DC_E_MGW_PLUGINUNIT_DELTA,OK
eniq_oss_5,MGBA201,2020-03-19 09:30:00,DC_E_MGW_PLUGINUNIT_V_RAW,OK
eniq_oss_5,MGBD301,2020-03-19 09:30:00,DC_E_MGW_MGWAPPLICATION_DELTA,OK
eniq_oss_5,MGBD301,2020-03-19 09:30:00,DC_E_MGW_MGWAPPLICATION_RAW,OK
eniq_oss_5,MGBD301,2020-03-19 09:30:00,DC_E_MGW_MSDEVICEPOOL_DELTA,OK
eniq_oss_5,MGBD301,2020-03-19 09:30:00,DC_E_MGW_MSDEVICEPOOL_RAW,OK
eniq_oss_5,MGBD301,2020-03-19 09:30:00,DC_E_MGW_PLUGINUNIT_DELTA,OK
eniq_oss_5,MGBD301,2020-03-19 09:30:00,DC_E_MGW_PLUGINUNIT_V_RAW,OK
eniq_oss_2,MGBD401,2020-03-19 09:30:00,DC_E_MGW_MGWAPPLICATION_DELTA,OK
eniq_oss_2,MGBD401,2020-03-19 09:30:00,DC_E_MGW_MGWAPPLICATION_RAW,OK
eniq_oss_2,MGBD401,2020-03-19 09:30:00,DC_E_MGW_MSDEVICEPOOL_DELTA,OK
eniq_oss_2,MGBD401,2020-03-19 09:30:00,DC_E_MGW_MSDEVICEPOOL_RAW,OK
eniq_oss_2,MGBD401,2020-03-19 09:30:00,DC_E_MGW_PLUGINUNIT_DELTA,OK
eniq_oss_2,MGBD401,2020-03-19 09:30:00,DC_E_MGW_PLUGINUNIT_V_RAW,OK
eniq_oss_2,MGBD702,2020-03-19 09:30:00,DC_E_MGW_MGWAPPLICATION_DELTA,OK
eniq_oss_2,MGBD702,2020-03-19 09:30:00,DC_E_MGW_MGWAPPLICATION_RAW,OK
eniq_oss_2,MGBD702,2020-03-19 09:30:00,DC_E_MGW_MSDEVICEPOOL_DELTA,OK
eniq_oss_2,MGBD702,2020-03-19 09:30:00,DC_E_MGW_MSDEVICEPOOL_RAW,OK
eniq_oss_2,MGBD702,2020-03-19 09:30:00,DC_E_MGW_PLUGINUNIT_DELTA,OK
eniq_oss_2,MGBD702,2020-03-19 09:30:00,DC_E_MGW_PLUGINUNIT_V_RAW,OK
eniq_oss_2,MGBD801,2020-03-19 09:30:00,DC_E_MGW_MGWAPPLICATION_DELTA,OK
eniq_oss_2,MGBD801,2020-03-19 09:30:00,DC_E_MGW_MGWAPPLICATION_RAW,OK
eniq_oss_2,MGBD801,2020-03-19 09:30:00,DC_E_MGW_MSDEVICEPOOL_DELTA,OK
eniq_oss_2,MGBD801,2020-03-19 09:30:00,DC_E_MGW_MSDEVICEPOOL_RAW,OK
eniq_oss_2,MGBD801,2020-03-19 09:30:00,DC_E_MGW_PLUGINUNIT_DELTA,OK
eniq_oss_2,MGBD801,2020-03-19 09:30:00,DC_E_MGW_PLUGINUNIT_V_RAW,OK
eniq_oss_2,MGCH201,2020-03-19 09:30:00,DC_E_MGW_MGWAPPLICATION_DELTA,OK
eniq_oss_2,MGCH201,2020-03-19 09:30:00,DC_E_MGW_MGWAPPLICATION_RAW,OK
eniq_oss_2,MGCH201,2020-03-19 09:30:00,DC_E_MGW_MSDEVICEPOOL_DELTA,OK
eniq_oss_2,MGCH201,2020-03-19 09:30:00,DC_E_MGW_MSDEVICEPOOL_RAW,OK
eniq_oss_2,MGCH201,2020-03-19 09:30:00,DC_E_MGW_PLUGINUNIT_DELTA,OK
eniq_oss_2,MGCH201,2020-03-19 09:30:00,DC_E_MGW_PLUGINUNIT_V_RAW,OK
eniq_oss_5,MGCI101,2020-03-19 09:30:00,DC_E_MGW_MGWAPPLICATION_DELTA,OK
eniq_oss_5,MGCI101,2020-03-19 09:30:00,DC_E_MGW_MGWAPPLICATION_RAW,OK
eniq_oss_5,MGCI101,2020-03-19 09:30:00,DC_E_MGW_MSDEVICEPOOL_DELTA,OK
eniq_oss_5,MGCI101,2020-03-19 09:30:00,DC_E_MGW_MSDEVICEPOOL_RAW,OK
eniq_oss_5,MGCI101,2020-03-19 09:30:00,DC_E_MGW_PLUGINUNIT_DELTA,OK
eniq_oss_5,MGCI101,2020-03-19 09:30:00,DC_E_MGW_PLUGINUNIT_V_RAW,OK
eniq_oss_2,MGCI102,2020-03-19 09:30:00,DC_E_MGW_MGWAPPLICATION_DELTA,OK
eniq_oss_2,MGCI102,2020-03-19 09:30:00,DC_E_MGW_MGWAPPLICATION_RAW,OK
eniq_oss_2,MGCI102,2020-03-19 09:30:00,DC_E_MGW_MSDEVICEPOOL_DELTA,OK
eniq_oss_2,MGCI102,2020-03-19 09:30:00,DC_E_MGW_MSDEVICEPOOL_RAW,OK
eniq_oss_2,MGCI102,2020-03-19 09:30:00,DC_E_MGW_PLUGINUNIT_DELTA,OK
eniq_oss_2,MGCI102,2020-03-19 09:30:00,DC_E_MGW_PLUGINUNIT_V_RAW,OK
eniq_oss_2,MGDP402,2020-03-19 09:30:00,DC_E_MGW_MGWAPPLICATION_DELTA,OK
eniq_oss_2,MGDP402,2020-03-19 09:30:00,DC_E_MGW_MGWAPPLICATION_RAW,OK
eniq_oss_2,MGDP402,2020-03-19 09:30:00,DC_E_MGW_MSDEVICEPOOL_DELTA,OK
eniq_oss_2,MGDP402,2020-03-19 09:30:00,DC_E_MGW_MSDEVICEPOOL_RAW,OK
eniq_oss_2,MGDP402,2020-03-19 09:30:00,DC_E_MGW_PLUGINUNIT_DELTA,OK
eniq_oss_2,MGDP402,2020-03-19 09:30:00,DC_E_MGW_PLUGINUNIT_V_RAW,OK
eniq_oss_5,MGDP501,2020-03-19 09:30:00,DC_E_MGW_MGWAPPLICATION_DELTA,OK
eniq_oss_5,MGDP501,2020-03-19 09:30:00,DC_E_MGW_MGWAPPLICATION_RAW,OK
eniq_oss_5,MGDP501,2020-03-19 09:30:00,DC_E_MGW_MSDEVICEPOOL_DELTA,OK
eniq_oss_5,MGDP501,2020-03-19 09:30:00,DC_E_MGW_MSDEVICEPOOL_RAW,OK
eniq_oss_5,MGDP501,2020-03-19 09:30:00,DC_E_MGW_PLUGINUNIT_DELTA,OK
eniq_oss_5,MGDP501,2020-03-19 09:30:00,DC_E_MGW_PLUGINUNIT_V_RAW,OK
eniq_oss_5,MGED101,2020-03-19 09:30:00,DC_E_MGW_MGWAPPLICATION_DELTA,OK
eniq_oss_5,MGED101,2020-03-19 09:30:00,DC_E_MGW_MGWAPPLICATION_RAW,OK
eniq_oss_5,MGED101,2020-03-19 09:30:00,DC_E_MGW_MSDEVICEPOOL_DELTA,OK
eniq_oss_5,MGED101,2020-03-19 09:30:00,DC_E_MGW_MSDEVICEPOOL_RAW,OK
eniq_oss_5,MGED101,2020-03-19 09:30:00,DC_E_MGW_PLUGINUNIT_DELTA,OK
eniq_oss_5,MGED101,2020-03-19 09:30:00,DC_E_MGW_PLUGINUNIT_V_RAW,OK
eniq_oss_2,MGJ2402,2020-03-19 09:30:00,DC_E_MGW_MGWAPPLICATION_DELTA,OK
eniq_oss_2,MGJ2402,2020-03-19 09:30:00,DC_E_MGW_MGWAPPLICATION_RAW,OK
eniq_oss_2,MGJ2402,2020-03-19 09:30:00,DC_E_MGW_MSDEVICEPOOL_DELTA,OK
eniq_oss_2,MGJ2402,2020-03-19 09:30:00,DC_E_MGW_MSDEVICEPOOL_RAW,OK
eniq_oss_2,MGJ2402,2020-03-19 09:30:00,DC_E_MGW_PLUGINUNIT_DELTA,OK
eniq_oss_2,MGJ2402,2020-03-19 09:30:00,DC_E_MGW_PLUGINUNIT_V_RAW,OK
eniq_oss_2,MGJ2501,2020-03-19 09:30:00,DC_E_MGW_MGWAPPLICATION_DELTA,OK
eniq_oss_2,MGJ2501,2020-03-19 09:30:00,DC_E_MGW_MGWAPPLICATION_RAW,OK
eniq_oss_2,MGJ2501,2020-03-19 09:30:00,DC_E_MGW_MSDEVICEPOOL_DELTA,OK
eniq_oss_2,MGJ2501,2020-03-19 09:30:00,DC_E_MGW_MSDEVICEPOOL_RAW,OK
eniq_oss_2,MGJ2501,2020-03-19 09:30:00,DC_E_MGW_PLUGINUNIT_DELTA,OK
eniq_oss_2,MGJ2501,2020-03-19 09:30:00,DC_E_MGW_PLUGINUNIT_V_RAW,OK
eniq_oss_2,MGJ2602,2020-03-19 09:30:00,DC_E_MGW_MGWAPPLICATION_DELTA,OK
eniq_oss_2,MGJ2602,2020-03-19 09:30:00,DC_E_MGW_MGWAPPLICATION_RAW,OK
eniq_oss_2,MGJ2602,2020-03-19 09:30:00,DC_E_MGW_MSDEVICEPOOL_DELTA,OK
eniq_oss_2,MGJ2602,2020-03-19 09:30:00,DC_E_MGW_MSDEVICEPOOL_RAW,OK
eniq_oss_2,MGJ2602,2020-03-19 09:30:00,DC_E_MGW_PLUGINUNIT_DELTA,OK
eniq_oss_2,MGJ2602,2020-03-19 09:30:00,DC_E_MGW_PLUGINUNIT_V_RAW,OK
eniq_oss_2,MGJ3102,2020-03-19 09:30:00,DC_E_MGW_MGWAPPLICATION_DELTA,OK
eniq_oss_2,MGJ3102,2020-03-19 09:30:00,DC_E_MGW_MGWAPPLICATION_RAW,OK
eniq_oss_2,MGJ3102,2020-03-19 09:30:00,DC_E_MGW_MSDEVICEPOOL_DELTA,OK
eniq_oss_2,MGJ3102,2020-03-19 09:30:00,DC_E_MGW_MSDEVICEPOOL_RAW,OK
eniq_oss_2,MGJ3102,2020-03-19 09:30:00,DC_E_MGW_PLUGINUNIT_DELTA,OK
eniq_oss_2,MGJ3102,2020-03-19 09:30:00,DC_E_MGW_PLUGINUNIT_V_RAW,OK
eniq_oss_2,MGJ3201,2020-03-19 09:30:00,DC_E_MGW_MGWAPPLICATION_DELTA,OK
eniq_oss_2,MGJ3201,2020-03-19 09:30:00,DC_E_MGW_MGWAPPLICATION_RAW,OK
eniq_oss_2,MGJ3201,2020-03-19 09:30:00,DC_E_MGW_MSDEVICEPOOL_DELTA,OK
eniq_oss_2,MGJ3201,2020-03-19 09:30:00,DC_E_MGW_MSDEVICEPOOL_RAW,OK
eniq_oss_2,MGJ3201,2020-03-19 09:30:00,DC_E_MGW_PLUGINUNIT_DELTA,OK
eniq_oss_2,MGJ3201,2020-03-19 09:30:00,DC_E_MGW_PLUGINUNIT_V_RAW,OK
eniq_oss_2,MGJ3202,2020-03-19 09:30:00,DC_E_MGW_MGWAPPLICATION_DELTA,OK
eniq_oss_2,MGJ3202,2020-03-19 09:30:00,DC_E_MGW_MGWAPPLICATION_RAW,OK
eniq_oss_2,MGJ3202,2020-03-19 09:30:00,DC_E_MGW_MSDEVICEPOOL_DELTA,OK
eniq_oss_2,MGJ3202,2020-03-19 09:30:00,DC_E_MGW_MSDEVICEPOOL_RAW,OK
eniq_oss_2,MGJ3202,2020-03-19 09:30:00,DC_E_MGW_PLUGINUNIT_DELTA,OK
eniq_oss_2,MGJ3202,2020-03-19 09:30:00,DC_E_MGW_PLUGINUNIT_V_RAW,OK
eniq_oss_2,MGJ3302,2020-03-19 09:30:00,DC_E_MGW_MGWAPPLICATION_DELTA,OK
eniq_oss_2,MGJ3302,2020-03-19 09:30:00,DC_E_MGW_MGWAPPLICATION_RAW,OK
eniq_oss_2,MGJ3302,2020-03-19 09:30:00,DC_E_MGW_MSDEVICEPOOL_DELTA,OK
eniq_oss_2,MGJ3302,2020-03-19 09:30:00,DC_E_MGW_MSDEVICEPOOL_RAW,OK
eniq_oss_2,MGJ3302,2020-03-19 09:30:00,DC_E_MGW_PLUGINUNIT_DELTA,OK
eniq_oss_2,MGJ3302,2020-03-19 09:30:00,DC_E_MGW_PLUGINUNIT_V_RAW,OK
eniq_oss_2,MGJ3401,2020-03-19 09:30:00,DC_E_MGW_MGWAPPLICATION_DELTA,OK
eniq_oss_2,MGJ3401,2020-03-19 09:30:00,DC_E_MGW_MGWAPPLICATION_RAW,OK
eniq_oss_2,MGJ3401,2020-03-19 09:30:00,DC_E_MGW_MSDEVICEPOOL_DELTA,OK
eniq_oss_2,MGJ3401,2020-03-19 09:30:00,DC_E_MGW_MSDEVICEPOOL_RAW,OK
eniq_oss_2,MGJ3401,2020-03-19 09:30:00,DC_E_MGW_PLUGINUNIT_DELTA,OK
eniq_oss_2,MGJ3401,2020-03-19 09:30:00,DC_E_MGW_PLUGINUNIT_V_RAW,OK
eniq_oss_2,MGJ3402,2020-03-19 09:30:00,DC_E_MGW_MGWAPPLICATION_DELTA,OK
eniq_oss_2,MGJ3402,2020-03-19 09:30:00,DC_E_MGW_MGWAPPLICATION_RAW,OK
eniq_oss_2,MGJ3402,2020-03-19 09:30:00,DC_E_MGW_MSDEVICEPOOL_DELTA,OK
eniq_oss_2,MGJ3402,2020-03-19 09:30:00,DC_E_MGW_MSDEVICEPOOL_RAW,OK
eniq_oss_2,MGJ3402,2020-03-19 09:30:00,DC_E_MGW_PLUGINUNIT_DELTA,OK
eniq_oss_2,MGJ3402,2020-03-19 09:30:00,DC_E_MGW_PLUGINUNIT_V_RAW,OK
eniq_oss_2,MGJ3501,2020-03-19 09:30:00,DC_E_MGW_MGWAPPLICATION_DELTA,OK
eniq_oss_2,MGJ3501,2020-03-19 09:30:00,DC_E_MGW_MGWAPPLICATION_RAW,OK
eniq_oss_2,MGJ3501,2020-03-19 09:30:00,DC_E_MGW_MSDEVICEPOOL_DELTA,OK
eniq_oss_2,MGJ3501,2020-03-19 09:30:00,DC_E_MGW_MSDEVICEPOOL_RAW,OK
eniq_oss_2,MGJ3501,2020-03-19 09:30:00,DC_E_MGW_PLUGINUNIT_DELTA,OK
eniq_oss_2,MGJ3501,2020-03-19 09:30:00,DC_E_MGW_PLUGINUNIT_V_RAW,OK
eniq_oss_5,MGJE101,2020-03-19 09:30:00,DC_E_MGW_MGWAPPLICATION_DELTA,OK
eniq_oss_5,MGJE101,2020-03-19 09:30:00,DC_E_MGW_MGWAPPLICATION_RAW,OK
eniq_oss_5,MGJE101,2020-03-19 09:30:00,DC_E_MGW_MSDEVICEPOOL_DELTA,OK
eniq_oss_5,MGJE101,2020-03-19 09:30:00,DC_E_MGW_MSDEVICEPOOL_RAW,OK
eniq_oss_5,MGJE101,2020-03-19 09:30:00,DC_E_MGW_PLUGINUNIT_DELTA,OK
eniq_oss_5,MGJE101,2020-03-19 09:30:00,DC_E_MGW_PLUGINUNIT_V_RAW,OK
eniq_oss_5,MGJO102,2020-03-19 09:30:00,DC_E_MGW_MGWAPPLICATION_DELTA,OK
eniq_oss_5,MGJO102,2020-03-19 09:30:00,DC_E_MGW_MGWAPPLICATION_RAW,OK
eniq_oss_5,MGJO102,2020-03-19 09:30:00,DC_E_MGW_MSDEVICEPOOL_DELTA,OK
eniq_oss_5,MGJO102,2020-03-19 09:30:00,DC_E_MGW_MSDEVICEPOOL_RAW,OK
eniq_oss_5,MGJO102,2020-03-19 09:30:00,DC_E_MGW_PLUGINUNIT_DELTA,OK
eniq_oss_5,MGJO102,2020-03-19 09:30:00,DC_E_MGW_PLUGINUNIT_V_RAW,OK
eniq_oss_2,MGJT102,2020-03-19 09:30:00,DC_E_MGW_MGWAPPLICATION_DELTA,OK
eniq_oss_2,MGJT102,2020-03-19 09:30:00,DC_E_MGW_MGWAPPLICATION_RAW,OK
eniq_oss_2,MGJT102,2020-03-19 09:30:00,DC_E_MGW_MSDEVICEPOOL_DELTA,OK
eniq_oss_2,MGJT102,2020-03-19 09:30:00,DC_E_MGW_MSDEVICEPOOL_RAW,OK
eniq_oss_2,MGJT102,2020-03-19 09:30:00,DC_E_MGW_PLUGINUNIT_DELTA,OK
eniq_oss_2,MGJT102,2020-03-19 09:30:00,DC_E_MGW_PLUGINUNIT_V_RAW,OK
eniq_oss_5,MGMA101,2020-03-19 09:30:00,DC_E_MGW_MGWAPPLICATION_DELTA,OK
eniq_oss_5,MGMA101,2020-03-19 09:30:00,DC_E_MGW_MGWAPPLICATION_RAW,OK
eniq_oss_5,MGMA101,2020-03-19 09:30:00,DC_E_MGW_MSDEVICEPOOL_DELTA,OK
eniq_oss_5,MGMA101,2020-03-19 09:30:00,DC_E_MGW_MSDEVICEPOOL_RAW,OK
eniq_oss_5,MGMA101,2020-03-19 09:30:00,DC_E_MGW_PLUGINUNIT_DELTA,OK
eniq_oss_5,MGMA101,2020-03-19 09:30:00,DC_E_MGW_PLUGINUNIT_V_RAW,OK
eniq_oss_5,MGMA102,2020-03-19 09:30:00,DC_E_MGW_MGWAPPLICATION_DELTA,OK
eniq_oss_5,MGMA102,2020-03-19 09:30:00,DC_E_MGW_MGWAPPLICATION_RAW,OK
eniq_oss_5,MGMA102,2020-03-19 09:30:00,DC_E_MGW_MSDEVICEPOOL_DELTA,OK
eniq_oss_5,MGMA102,2020-03-19 09:30:00,DC_E_MGW_MSDEVICEPOOL_RAW,OK
eniq_oss_5,MGMA102,2020-03-19 09:30:00,DC_E_MGW_PLUGINUNIT_DELTA,OK
eniq_oss_5,MGMA102,2020-03-19 09:30:00,DC_E_MGW_PLUGINUNIT_V_RAW,OK
eniq_oss_5,MGMG101,2020-03-19 09:30:00,DC_E_MGW_MGWAPPLICATION_DELTA,OK
eniq_oss_5,MGMG101,2020-03-19 09:30:00,DC_E_MGW_MGWAPPLICATION_RAW,OK
eniq_oss_5,MGMG101,2020-03-19 09:30:00,DC_E_MGW_MSDEVICEPOOL_DELTA,OK
eniq_oss_5,MGMG101,2020-03-19 09:30:00,DC_E_MGW_MSDEVICEPOOL_RAW,OK
eniq_oss_5,MGMG101,2020-03-19 09:30:00,DC_E_MGW_PLUGINUNIT_DELTA,OK
eniq_oss_5,MGMG101,2020-03-19 09:30:00,DC_E_MGW_PLUGINUNIT_V_RAW,OK
eniq_oss_5,MGML101,2020-03-19 09:30:00,DC_E_MGW_MGWAPPLICATION_DELTA,OK
eniq_oss_5,MGML101,2020-03-19 09:30:00,DC_E_MGW_MGWAPPLICATION_RAW,OK
eniq_oss_5,MGML101,2020-03-19 09:30:00,DC_E_MGW_MSDEVICEPOOL_DELTA,OK
eniq_oss_5,MGML101,2020-03-19 09:30:00,DC_E_MGW_MSDEVICEPOOL_RAW,OK
eniq_oss_5,MGML101,2020-03-19 09:30:00,DC_E_MGW_PLUGINUNIT_DELTA,OK
eniq_oss_5,MGML101,2020-03-19 09:30:00,DC_E_MGW_PLUGINUNIT_V_RAW,OK
eniq_oss_2,MGML201,2020-03-19 09:30:00,DC_E_MGW_MGWAPPLICATION_DELTA,OK
eniq_oss_2,MGML201,2020-03-19 09:30:00,DC_E_MGW_MGWAPPLICATION_RAW,OK
eniq_oss_2,MGML201,2020-03-19 09:30:00,DC_E_MGW_MSDEVICEPOOL_DELTA,OK
eniq_oss_2,MGML201,2020-03-19 09:30:00,DC_E_MGW_MSDEVICEPOOL_RAW,OK
eniq_oss_2,MGML201,2020-03-19 09:30:00,DC_E_MGW_PLUGINUNIT_DELTA,OK
eniq_oss_2,MGML201,2020-03-19 09:30:00,DC_E_MGW_PLUGINUNIT_V_RAW,OK
eniq_oss_5,MGPA201,2020-03-19 09:30:00,DC_E_MGW_MGWAPPLICATION_DELTA,OK
eniq_oss_5,MGPA201,2020-03-19 09:30:00,DC_E_MGW_MGWAPPLICATION_RAW,OK
eniq_oss_5,MGPA201,2020-03-19 09:30:00,DC_E_MGW_MSDEVICEPOOL_DELTA,OK
eniq_oss_5,MGPA201,2020-03-19 09:30:00,DC_E_MGW_MSDEVICEPOOL_RAW,OK
eniq_oss_5,MGPA201,2020-03-19 09:30:00,DC_E_MGW_PLUGINUNIT_DELTA,OK
eniq_oss_5,MGPA201,2020-03-19 09:30:00,DC_E_MGW_PLUGINUNIT_V_RAW,OK
eniq_oss_5,MGPM101,2020-03-19 09:30:00,DC_E_MGW_MGWAPPLICATION_DELTA,OK
eniq_oss_5,MGPM101,2020-03-19 09:30:00,DC_E_MGW_MGWAPPLICATION_RAW,OK
eniq_oss_5,MGPM101,2020-03-19 09:30:00,DC_E_MGW_MSDEVICEPOOL_DELTA,OK
eniq_oss_5,MGPM101,2020-03-19 09:30:00,DC_E_MGW_MSDEVICEPOOL_RAW,OK
eniq_oss_5,MGPM101,2020-03-19 09:30:00,DC_E_MGW_PLUGINUNIT_DELTA,OK
eniq_oss_5,MGPM101,2020-03-19 09:30:00,DC_E_MGW_PLUGINUNIT_V_RAW,OK
eniq_oss_2,MGPR102,2020-03-19 09:30:00,DC_E_MGW_MGWAPPLICATION_DELTA,OK
eniq_oss_2,MGPR102,2020-03-19 09:30:00,DC_E_MGW_MGWAPPLICATION_RAW,OK
eniq_oss_2,MGPR102,2020-03-19 09:30:00,DC_E_MGW_MSDEVICEPOOL_DELTA,OK
eniq_oss_2,MGPR102,2020-03-19 09:30:00,DC_E_MGW_MSDEVICEPOOL_RAW,OK
eniq_oss_2,MGPR102,2020-03-19 09:30:00,DC_E_MGW_PLUGINUNIT_DELTA,OK
eniq_oss_2,MGPR102,2020-03-19 09:30:00,DC_E_MGW_PLUGINUNIT_V_RAW,OK
eniq_oss_5,MGPR201,2020-03-19 09:30:00,DC_E_MGW_MGWAPPLICATION_DELTA,OK
eniq_oss_5,MGPR201,2020-03-19 09:30:00,DC_E_MGW_MGWAPPLICATION_RAW,OK
eniq_oss_5,MGPR201,2020-03-19 09:30:00,DC_E_MGW_MSDEVICEPOOL_DELTA,OK
eniq_oss_5,MGPR201,2020-03-19 09:30:00,DC_E_MGW_MSDEVICEPOOL_RAW,OK
eniq_oss_5,MGPR201,2020-03-19 09:30:00,DC_E_MGW_PLUGINUNIT_DELTA,OK
eniq_oss_5,MGPR201,2020-03-19 09:30:00,DC_E_MGW_PLUGINUNIT_V_RAW,OK
eniq_oss_2,MGPW102,2020-03-19 09:30:00,DC_E_MGW_MGWAPPLICATION_DELTA,OK
eniq_oss_2,MGPW102,2020-03-19 09:30:00,DC_E_MGW_MGWAPPLICATION_RAW,OK
eniq_oss_2,MGPW102,2020-03-19 09:30:00,DC_E_MGW_MSDEVICEPOOL_DELTA,OK
eniq_oss_2,MGPW102,2020-03-19 09:30:00,DC_E_MGW_MSDEVICEPOOL_RAW,OK
eniq_oss_2,MGPW102,2020-03-19 09:30:00,DC_E_MGW_PLUGINUNIT_DELTA,OK
eniq_oss_2,MGPW102,2020-03-19 09:30:00,DC_E_MGW_PLUGINUNIT_V_RAW,OK
eniq_oss_5,MGRK102,2020-03-19 09:30:00,DC_E_MGW_MGWAPPLICATION_DELTA,OK
eniq_oss_5,MGRK102,2020-03-19 09:30:00,DC_E_MGW_MGWAPPLICATION_RAW,OK
eniq_oss_5,MGRK102,2020-03-19 09:30:00,DC_E_MGW_MSDEVICEPOOL_DELTA,OK
eniq_oss_5,MGRK102,2020-03-19 09:30:00,DC_E_MGW_MSDEVICEPOOL_RAW,OK
eniq_oss_5,MGRK102,2020-03-19 09:30:00,DC_E_MGW_PLUGINUNIT_DELTA,OK
eniq_oss_5,MGRK102,2020-03-19 09:30:00,DC_E_MGW_PLUGINUNIT_V_RAW,OK
eniq_oss_2,MGSB701,2020-03-19 09:30:00,DC_E_MGW_MGWAPPLICATION_DELTA,OK
eniq_oss_2,MGSB701,2020-03-19 09:30:00,DC_E_MGW_MGWAPPLICATION_RAW,OK
eniq_oss_2,MGSB701,2020-03-19 09:30:00,DC_E_MGW_MSDEVICEPOOL_DELTA,OK
eniq_oss_2,MGSB701,2020-03-19 09:30:00,DC_E_MGW_MSDEVICEPOOL_RAW,OK
eniq_oss_2,MGSB701,2020-03-19 09:30:00,DC_E_MGW_PLUGINUNIT_DELTA,OK
eniq_oss_2,MGSB701,2020-03-19 09:30:00,DC_E_MGW_PLUGINUNIT_V_RAW,OK
eniq_oss_5,MGSB702,2020-03-19 09:30:00,DC_E_MGW_MGWAPPLICATION_DELTA,OK
eniq_oss_5,MGSB702,2020-03-19 09:30:00,DC_E_MGW_MGWAPPLICATION_RAW,OK
eniq_oss_5,MGSB702,2020-03-19 09:30:00,DC_E_MGW_MSDEVICEPOOL_DELTA,OK
eniq_oss_5,MGSB702,2020-03-19 09:30:00,DC_E_MGW_MSDEVICEPOOL_RAW,OK
eniq_oss_5,MGSB702,2020-03-19 09:30:00,DC_E_MGW_PLUGINUNIT_DELTA,OK
eniq_oss_5,MGSB702,2020-03-19 09:30:00,DC_E_MGW_PLUGINUNIT_V_RAW,OK
eniq_oss_2,MGSB901,2020-03-19 09:30:00,DC_E_MGW_MGWAPPLICATION_DELTA,OK
eniq_oss_2,MGSB901,2020-03-19 09:30:00,DC_E_MGW_MGWAPPLICATION_RAW,OK
eniq_oss_2,MGSB901,2020-03-19 09:30:00,DC_E_MGW_MSDEVICEPOOL_DELTA,OK
eniq_oss_2,MGSB901,2020-03-19 09:30:00,DC_E_MGW_MSDEVICEPOOL_RAW,OK
eniq_oss_2,MGSB901,2020-03-19 09:30:00,DC_E_MGW_PLUGINUNIT_DELTA,OK
eniq_oss_2,MGSB901,2020-03-19 09:30:00,DC_E_MGW_PLUGINUNIT_V_RAW,OK
eniq_oss_5,MGSB902,2020-03-19 09:30:00,DC_E_MGW_MGWAPPLICATION_DELTA,OK
eniq_oss_5,MGSB902,2020-03-19 09:30:00,DC_E_MGW_MGWAPPLICATION_RAW,OK
eniq_oss_5,MGSB902,2020-03-19 09:30:00,DC_E_MGW_MSDEVICEPOOL_DELTA,OK
eniq_oss_5,MGSB902,2020-03-19 09:30:00,DC_E_MGW_MSDEVICEPOOL_RAW,OK
eniq_oss_5,MGSB902,2020-03-19 09:30:00,DC_E_MGW_PLUGINUNIT_DELTA,OK
eniq_oss_5,MGSB902,2020-03-19 09:30:00,DC_E_MGW_PLUGINUNIT_V_RAW,OK
eniq_oss_2,MGSD101,2020-03-19 09:30:00,DC_E_MGW_MGWAPPLICATION_DELTA,OK
eniq_oss_2,MGSD101,2020-03-19 09:30:00,DC_E_MGW_MGWAPPLICATION_RAW,OK
eniq_oss_2,MGSD101,2020-03-19 09:30:00,DC_E_MGW_MSDEVICEPOOL_DELTA,OK
eniq_oss_2,MGSD101,2020-03-19 09:30:00,DC_E_MGW_MSDEVICEPOOL_RAW,OK
eniq_oss_2,MGSD101,2020-03-19 09:30:00,DC_E_MGW_PLUGINUNIT_DELTA,OK
eniq_oss_2,MGSD101,2020-03-19 09:30:00,DC_E_MGW_PLUGINUNIT_V_RAW,OK
eniq_oss_5,MGSG102,2020-03-19 09:30:00,DC_E_MGW_MGWAPPLICATION_DELTA,OK
eniq_oss_5,MGSG102,2020-03-19 09:30:00,DC_E_MGW_MGWAPPLICATION_RAW,OK
eniq_oss_5,MGSG102,2020-03-19 09:30:00,DC_E_MGW_MSDEVICEPOOL_DELTA,OK
eniq_oss_5,MGSG102,2020-03-19 09:30:00,DC_E_MGW_MSDEVICEPOOL_RAW,OK
eniq_oss_5,MGSG102,2020-03-19 09:30:00,DC_E_MGW_PLUGINUNIT_DELTA,OK
eniq_oss_5,MGSG102,2020-03-19 09:30:00,DC_E_MGW_PLUGINUNIT_V_RAW,OK
eniq_oss_2,MGSM101,2020-03-19 09:30:00,DC_E_MGW_MGWAPPLICATION_DELTA,OK
eniq_oss_2,MGSM101,2020-03-19 09:30:00,DC_E_MGW_MGWAPPLICATION_RAW,OK
eniq_oss_2,MGSM101,2020-03-19 09:30:00,DC_E_MGW_MSDEVICEPOOL_DELTA,OK
eniq_oss_2,MGSM101,2020-03-19 09:30:00,DC_E_MGW_MSDEVICEPOOL_RAW,OK
eniq_oss_2,MGSM101,2020-03-19 09:30:00,DC_E_MGW_PLUGINUNIT_DELTA,OK
eniq_oss_2,MGSM101,2020-03-19 09:30:00,DC_E_MGW_PLUGINUNIT_V_RAW,OK
eniq_oss_2,MGSM201,2020-03-19 09:30:00,DC_E_MGW_MGWAPPLICATION_DELTA,OK
eniq_oss_2,MGSM201,2020-03-19 09:30:00,DC_E_MGW_MGWAPPLICATION_RAW,OK
eniq_oss_2,MGSM201,2020-03-19 09:30:00,DC_E_MGW_MSDEVICEPOOL_DELTA,OK
eniq_oss_2,MGSM201,2020-03-19 09:30:00,DC_E_MGW_MSDEVICEPOOL_RAW,OK
eniq_oss_2,MGSM201,2020-03-19 09:30:00,DC_E_MGW_PLUGINUNIT_DELTA,OK
eniq_oss_2,MGSM201,2020-03-19 09:30:00,DC_E_MGW_PLUGINUNIT_V_RAW,OK
eniq_oss_2,MGSN102,2020-03-19 09:30:00,DC_E_MGW_MGWAPPLICATION_DELTA,OK
eniq_oss_2,MGSN102,2020-03-19 09:30:00,DC_E_MGW_MGWAPPLICATION_RAW,OK
eniq_oss_2,MGSN102,2020-03-19 09:30:00,DC_E_MGW_MSDEVICEPOOL_DELTA,OK
eniq_oss_2,MGSN102,2020-03-19 09:30:00,DC_E_MGW_MSDEVICEPOOL_RAW,OK
eniq_oss_2,MGSN102,2020-03-19 09:30:00,DC_E_MGW_PLUGINUNIT_DELTA,OK
eniq_oss_2,MGSN102,2020-03-19 09:30:00,DC_E_MGW_PLUGINUNIT_V_RAW,OK
eniq_oss_5,MGSO101,2020-03-19 09:30:00,DC_E_MGW_MGWAPPLICATION_DELTA,OK
eniq_oss_5,MGSO101,2020-03-19 09:30:00,DC_E_MGW_MGWAPPLICATION_RAW,OK
eniq_oss_5,MGSO101,2020-03-19 09:30:00,DC_E_MGW_MSDEVICEPOOL_DELTA,OK
eniq_oss_5,MGSO101,2020-03-19 09:30:00,DC_E_MGW_MSDEVICEPOOL_RAW,OK
eniq_oss_5,MGSO101,2020-03-19 09:30:00,DC_E_MGW_PLUGINUNIT_DELTA,OK
eniq_oss_5,MGSO101,2020-03-19 09:30:00,DC_E_MGW_PLUGINUNIT_V_RAW,OK
eniq_oss_2,MGSU101,2020-03-19 09:30:00,DC_E_MGW_MGWAPPLICATION_DELTA,OK
eniq_oss_2,MGSU101,2020-03-19 09:30:00,DC_E_MGW_MGWAPPLICATION_RAW,OK
eniq_oss_2,MGSU101,2020-03-19 09:30:00,DC_E_MGW_MSDEVICEPOOL_DELTA,OK
eniq_oss_2,MGSU101,2020-03-19 09:30:00,DC_E_MGW_MSDEVICEPOOL_RAW,OK
eniq_oss_2,MGSU101,2020-03-19 09:30:00,DC_E_MGW_PLUGINUNIT_DELTA,OK
eniq_oss_2,MGSU101,2020-03-19 09:30:00,DC_E_MGW_PLUGINUNIT_V_RAW,OK
eniq_oss_5,MGSU201,2020-03-19 09:30:00,DC_E_MGW_MGWAPPLICATION_DELTA,OK
eniq_oss_5,MGSU201,2020-03-19 09:30:00,DC_E_MGW_MGWAPPLICATION_RAW,OK
eniq_oss_5,MGSU201,2020-03-19 09:30:00,DC_E_MGW_MSDEVICEPOOL_DELTA,OK
eniq_oss_5,MGSU201,2020-03-19 09:30:00,DC_E_MGW_MSDEVICEPOOL_RAW,OK
eniq_oss_5,MGSU201,2020-03-19 09:30:00,DC_E_MGW_PLUGINUNIT_DELTA,OK
eniq_oss_5,MGSU201,2020-03-19 09:30:00,DC_E_MGW_PLUGINUNIT_V_RAW,OK
eniq_oss_5,MGSU202,2020-03-19 09:30:00,DC_E_MGW_MGWAPPLICATION_DELTA,OK
eniq_oss_5,MGSU202,2020-03-19 09:30:00,DC_E_MGW_MGWAPPLICATION_RAW,OK
eniq_oss_5,MGSU202,2020-03-19 09:30:00,DC_E_MGW_MSDEVICEPOOL_DELTA,OK
eniq_oss_5,MGSU202,2020-03-19 09:30:00,DC_E_MGW_MSDEVICEPOOL_RAW,OK
eniq_oss_5,MGSU202,2020-03-19 09:30:00,DC_E_MGW_PLUGINUNIT_DELTA,OK
eniq_oss_5,MGSU202,2020-03-19 09:30:00,DC_E_MGW_PLUGINUNIT_V_RAW,OK
eniq_oss_5,MGTE202,2020-03-19 09:30:00,DC_E_MGW_MGWAPPLICATION_DELTA,OK
eniq_oss_5,MGTE202,2020-03-19 09:30:00,DC_E_MGW_MGWAPPLICATION_RAW,OK
eniq_oss_5,MGTE202,2020-03-19 09:30:00,DC_E_MGW_MSDEVICEPOOL_DELTA,OK
eniq_oss_5,MGTE202,2020-03-19 09:30:00,DC_E_MGW_MSDEVICEPOOL_RAW,OK
eniq_oss_5,MGTE202,2020-03-19 09:30:00,DC_E_MGW_PLUGINUNIT_DELTA,OK
eniq_oss_5,MGTE202,2020-03-19 09:30:00,DC_E_MGW_PLUGINUNIT_V_RAW,OK
eniq_oss_2,MGTG102,2020-03-19 09:30:00,DC_E_MGW_MGWAPPLICATION_DELTA,OK
eniq_oss_2,MGTG102,2020-03-19 09:30:00,DC_E_MGW_MGWAPPLICATION_RAW,OK
eniq_oss_2,MGTG102,2020-03-19 09:30:00,DC_E_MGW_MSDEVICEPOOL_DELTA,OK
eniq_oss_2,MGTG102,2020-03-19 09:30:00,DC_E_MGW_MSDEVICEPOOL_RAW,OK
eniq_oss_2,MGTG102,2020-03-19 09:30:00,DC_E_MGW_PLUGINUNIT_DELTA,OK
eniq_oss_2,MGTG102,2020-03-19 09:30:00,DC_E_MGW_PLUGINUNIT_V_RAW,OK
eniq_oss_2,MGWDPS01,2020-03-19 09:30:00,DC_E_MGW_MGWAPPLICATION_DELTA,OK
eniq_oss_2,MGWDPS01,2020-03-19 09:30:00,DC_E_MGW_MGWAPPLICATION_RAW,OK
eniq_oss_2,MGWDPS01,2020-03-19 09:30:00,DC_E_MGW_MSDEVICEPOOL_DELTA,OK
eniq_oss_2,MGWDPS01,2020-03-19 09:30:00,DC_E_MGW_MSDEVICEPOOL_RAW,OK
eniq_oss_2,MGWDPS01,2020-03-19 09:30:00,DC_E_MGW_PLUGINUNIT_DELTA,OK
eniq_oss_2,MGWDPS01,2020-03-19 09:30:00,DC_E_MGW_PLUGINUNIT_V_RAW,OK
eniq_oss_2,MGWL102,2020-03-19 09:30:00,DC_E_MGW_MGWAPPLICATION_DELTA,OK
eniq_oss_2,MGWL102,2020-03-19 09:30:00,DC_E_MGW_MGWAPPLICATION_RAW,OK
eniq_oss_2,MGWL102,2020-03-19 09:30:00,DC_E_MGW_MSDEVICEPOOL_DELTA,OK
eniq_oss_2,MGWL102,2020-03-19 09:30:00,DC_E_MGW_MSDEVICEPOOL_RAW,OK
eniq_oss_2,MGWL102,2020-03-19 09:30:00,DC_E_MGW_PLUGINUNIT_DELTA,OK
eniq_oss_2,MGWL102,2020-03-19 09:30:00,DC_E_MGW_PLUGINUNIT_V_RAW,OK
eniq_oss_2,MGYG301,2020-03-19 09:30:00,DC_E_MGW_MGWAPPLICATION_DELTA,OK
eniq_oss_2,MGYG301,2020-03-19 09:30:00,DC_E_MGW_MGWAPPLICATION_RAW,OK
eniq_oss_2,MGYG301,2020-03-19 09:30:00,DC_E_MGW_MSDEVICEPOOL_DELTA,OK
eniq_oss_2,MGYG301,2020-03-19 09:30:00,DC_E_MGW_MSDEVICEPOOL_RAW,OK
eniq_oss_2,MGYG301,2020-03-19 09:30:00,DC_E_MGW_PLUGINUNIT_DELTA,OK
eniq_oss_2,MGYG301,2020-03-19 09:30:00,DC_E_MGW_PLUGINUNIT_V_RAW,OK
eniq_oss_2,MGYG402,2020-03-19 09:30:00,DC_E_MGW_MGWAPPLICATION_DELTA,OK
eniq_oss_2,MGYG402,2020-03-19 09:30:00,DC_E_MGW_MGWAPPLICATION_RAW,OK
eniq_oss_2,MGYG402,2020-03-19 09:30:00,DC_E_MGW_MSDEVICEPOOL_DELTA,OK
eniq_oss_2,MGYG402,2020-03-19 09:30:00,DC_E_MGW_MSDEVICEPOOL_RAW,OK
eniq_oss_2,MGYG402,2020-03-19 09:30:00,DC_E_MGW_PLUGINUNIT_DELTA,OK
eniq_oss_2,MGYG402,2020-03-19 09:30:00,DC_E_MGW_PLUGINUNIT_V_RAW,OK
